{
  "method": {
    "name": "flickr.photos.getUntagged",
    "requiredperms": "1"
  },
  "arguments": {
    "argument": [
      {
        "name": "api_key",
        "optional": 0
      },
      {
        "name": "min_upload_date",
        "optional": "1"
      },
      {
        "name": "max_upload_date",
        "optional": "1"
      },
      {
        "name": "min_taken_date",
        "optional": "1"
      },
      {
        "name": "max_taken_date",
        "optional": "1"
      },
      {
        "name": "privacy_filter",
        "optional": "1"
      },
      {
        "name": "media",
        "optional": "1"
      },
      {
        "name": "extras",
        "optional": 1
      },
      {
        "name": "per_page",
        "optional": 1
      },
      {
        "name": "page",
        "optional": 1
      }
    ]
  }
}
