{
  "method": {
    "name": "flickr.photos.notes.add",
    "requiredperms": "2"
  },
  "arguments": {
    "argument": [
      {
        "name": "api_key",
        "optional": 0
      },
      {
        "name": "photo_id",
        "optional": "0"
      },
      {
        "name": "note_x",
        "optional": "0"
      },
      {
        "name": "note_y",
        "optional": "0"
      },
      {
        "name": "note_w",
        "optional": "0"
      },
      {
        "name": "note_h",
        "optional": "0"
      },
      {
        "name": "note_text",
        "optional": "0"
      }
    ]
  }
}
