{
  "method": {
    "name": "flickr.blogs.postPhoto",
    "requiredperms": "2"
  },
  "arguments": {
    "argument": [
      {
        "name": "api_key",
        "optional": 0
      },
      {
        "name": "blog_id",
        "optional": "1"
      },
      {
        "name": "photo_id",
        "optional": "0"
      },
      {
        "name": "title",
        "optional": "0"
      },
      {
        "name": "description",
        "optional": "0"
      },
      {
        "name": "blog_password",
        "optional": "1"
      },
      {
        "name": "service",
        "optional": "1"
      }
    ]
  }
}
