{
  "method": {
    "name": "flickr.people.getPhotosOf",
    "requiredperms": 0
  },
  "arguments": {
    "argument": [
      {
        "name": "api_key",
        "optional": 0
      },
      {
        "name": "user_id",
        "optional": "0"
      },
      {
        "name": "owner_id",
        "optional": "1"
      },
      {
        "name": "extras",
        "optional": 1
      },
      {
        "name": "per_page",
        "optional": 1
      },
      {
        "name": "page",
        "optional": 1
      }
    ]
  }
}
