{
  "method": {
    "name": "flickr.photos.setPerms",
    "requiredperms": "2"
  },
  "arguments": {
    "argument": [
      {
        "name": "api_key",
        "optional": 0
      },
      {
        "name": "photo_id",
        "optional": "0"
      },
      {
        "name": "is_public",
        "optional": "0"
      },
      {
        "name": "is_friend",
        "optional": "0"
      },
      {
        "name": "is_family",
        "optional": "0"
      },
      {
        "name": "perm_comment",
        "optional": "1"
      },
      {
        "name": "perm_addmeta",
        "optional": "1"
      }
    ]
  }
}
