{
  "method": {
    "name": "flickr.places.placesForContacts",
    "requiredperms": "1"
  },
  "arguments": {
    "argument": [
      {
        "name": "api_key",
        "optional": 0
      },
      {
        "name": "place_type",
        "optional": "1"
      },
      {
        "name": "place_type_id",
        "optional": "1"
      },
      {
        "name": "woe_id",
        "optional": "1"
      },
      {
        "name": "place_id",
        "optional": "1"
      },
      {
        "name": "threshold",
        "optional": "1"
      },
      {
        "name": "contacts",
        "optional": "1"
      },
      {
        "name": "min_upload_date",
        "optional": "1"
      },
      {
        "name": "max_upload_date",
        "optional": "1"
      },
      {
        "name": "min_taken_date",
        "optional": "1"
      },
      {
        "name": "max_taken_date",
        "optional": "1"
      }
    ]
  }
}
