{
  "method": {
    "name": "flickr.photos.people.add",
    "requiredperms": "2"
  },
  "arguments": {
    "argument": [
      {
        "name": "api_key",
        "optional": 0
      },
      {
        "name": "photo_id",
        "optional": "0"
      },
      {
        "name": "user_id",
        "optional": "0"
      },
      {
        "name": "person_x",
        "optional": "1"
      },
      {
        "name": "person_y",
        "optional": "1"
      },
      {
        "name": "person_w",
        "optional": "1"
      },
      {
        "name": "person_h",
        "optional": "1"
      }
    ]
  }
}
