{
  "method": {
    "name": "flickr.photosets.getPhotos",
    "requiredperms": 0
  },
  "arguments": {
    "argument": [
      {
        "name": "api_key",
        "optional": 0
      },
      {
        "name": "photoset_id",
        "optional": "0"
      },
      {
        "name": "user_id",
        "optional": "0"
      },
      {
        "name": "extras",
        "optional": "1"
      },
      {
        "name": "per_page",
        "optional": "1"
      },
      {
        "name": "page",
        "optional": "1"
      },
      {
        "name": "privacy_filter",
        "optional": "1"
      },
      {
        "name": "media",
        "optional": "1"
      }
    ]
  }
}
