{
  "method": {
    "name": "flickr.photos.geo.photosForLocation",
    "requiredperms": "1"
  },
  "arguments": {
    "argument": [
      {
        "name": "api_key",
        "optional": 0
      },
      {
        "name": "lat",
        "optional": "0"
      },
      {
        "name": "lon",
        "optional": "0"
      },
      {
        "name": "accuracy",
        "optional": "1"
      },
      {
        "name": "extras",
        "optional": 1
      },
      {
        "name": "per_page",
        "optional": 1
      },
      {
        "name": "page",
        "optional": 1
      }
    ]
  }
}
