{
  "method": {
    "name": "flickr.photos.search",
    "requiredperms": 0
  },
  "arguments": {
    "argument": [
      {
        "name": "api_key",
        "optional": 0
      },
      {
        "name": "user_id",
        "optional": "1"
      },
      {
        "name": "tags",
        "optional": "1"
      },
      {
        "name": "tag_mode",
        "optional": "1"
      },
      {
        "name": "text",
        "optional": "1"
      },
      {
        "name": "min_upload_date",
        "optional": "1"
      },
      {
        "name": "max_upload_date",
        "optional": "1"
      },
      {
        "name": "min_taken_date",
        "optional": "1"
      },
      {
        "name": "max_taken_date",
        "optional": "1"
      },
      {
        "name": "license",
        "optional": "1"
      },
      {
        "name": "sort",
        "optional": "1"
      },
      {
        "name": "privacy_filter",
        "optional": "1"
      },
      {
        "name": "bbox",
        "optional": "1"
      },
      {
        "name": "accuracy",
        "optional": "1"
      },
      {
        "name": "safe_search",
        "optional": "1"
      },
      {
        "name": "content_type",
        "optional": "1"
      },
      {
        "name": "machine_tags",
        "optional": "1"
      },
      {
        "name": "machine_tag_mode",
        "optional": "1"
      },
      {
        "name": "group_id",
        "optional": "1"
      },
      {
        "name": "contacts",
        "optional": "1"
      },
      {
        "name": "woe_id",
        "optional": "1"
      },
      {
        "name": "place_id",
        "optional": "1"
      },
      {
        "name": "media",
        "optional": "1"
      },
      {
        "name": "has_geo",
        "optional": "1"
      },
      {
        "name": "geo_context",
        "optional": "1"
      },
      {
        "name": "lat",
        "optional": "1"
      },
      {
        "name": "lon",
        "optional": "1"
      },
      {
        "name": "radius",
        "optional": "1"
      },
      {
        "name": "radius_units",
        "optional": "1"
      },
      {
        "name": "is_commons",
        "optional": "1"
      },
      {
        "name": "in_gallery",
        "optional": "1"
      },
      {
        "name": "is_getty",
        "optional": "1"
      },
      {
        "name": "extras",
        "optional": 1
      },
      {
        "name": "per_page",
        "optional": 1
      },
      {
        "name": "page",
        "optional": 1
      }
    ]
  }
}
