{
  "method": {
    "name": "flickr.places.placesForTags",
    "requiredperms": 0
  },
  "arguments": {
    "argument": [
      {
        "name": "api_key",
        "optional": 0
      },
      {
        "name": "place_type_id",
        "optional": "0"
      },
      {
        "name": "woe_id",
        "optional": "1"
      },
      {
        "name": "place_id",
        "optional": "1"
      },
      {
        "name": "threshold",
        "optional": "1"
      },
      {
        "name": "tags",
        "optional": "1"
      },
      {
        "name": "tag_mode",
        "optional": "1"
      },
      {
        "name": "machine_tags",
        "optional": "1"
      },
      {
        "name": "machine_tag_mode",
        "optional": "1"
      },
      {
        "name": "min_upload_date",
        "optional": "1"
      },
      {
        "name": "max_upload_date",
        "optional": "1"
      },
      {
        "name": "min_taken_date",
        "optional": "1"
      },
      {
        "name": "max_taken_date",
        "optional": "1"
      }
    ]
  }
}
