{
  "method": {
    "name": "flickr.photos.geo.batchCorrectLocation",
    "requiredperms": "2"
  },
  "arguments": {
    "argument": [
      {
        "name": "api_key",
        "optional": 0
      },
      {
        "name": "lat",
        "optional": "0"
      },
      {
        "name": "lon",
        "optional": "0"
      },
      {
        "name": "accuracy",
        "optional": "0"
      },
      {
        "name": "place_id",
        "optional": "1"
      },
      {
        "name": "woe_id",
        "optional": "1"
      }
    ]
  }
}
