{
  "method": {
    "name": "flickr.photos.getContactsPublicPhotos",
    "requiredperms": 0
  },
  "arguments": {
    "argument": [
      {
        "name": "api_key",
        "optional": 0
      },
      {
        "name": "user_id",
        "optional": "0"
      },
      {
        "name": "count",
        "optional": "1"
      },
      {
        "name": "just_friends",
        "optional": "1"
      },
      {
        "name": "single_photo",
        "optional": "1"
      },
      {
        "name": "include_self",
        "optional": "1"
      },
      {
        "name": "extras",
        "optional": "1"
      }
    ]
  }
}
