{
  "method": {
    "name": "flickr.photos.comments.getRecentForContacts",
    "requiredperms": "1"
  },
  "arguments": {
    "argument": [
      {
        "name": "api_key",
        "optional": 0
      },
      {
        "name": "date_lastcomment",
        "optional": "1"
      },
      {
        "name": "contacts_filter",
        "optional": "1"
      },
      {
        "name": "extras",
        "optional": 1
      },
      {
        "name": "per_page",
        "optional": 1
      },
      {
        "name": "page",
        "optional": 1
      }
    ]
  }
}
