{
  "method": {
    "name": "flickr.stats.getCollectionReferrers",
    "requiredperms": "1"
  },
  "arguments": {
    "argument": [
      {
        "name": "api_key",
        "optional": 0
      },
      {
        "name": "date",
        "optional": "0"
      },
      {
        "name": "domain",
        "optional": "0"
      },
      {
        "name": "collection_id",
        "optional": "1"
      },
      {
        "name": "per_page",
        "optional": "1"
      },
      {
        "name": "page",
        "optional": "1"
      }
    ]
  }
}
