{
  "method": {
    "name": "flickr.places.tagsForPlace",
    "requiredperms": 0
  },
  "arguments": {
    "argument": [
      {
        "name": "api_key",
        "optional": 0
      },
      {
        "name": "woe_id",
        "optional": "1"
      },
      {
        "name": "place_id",
        "optional": "1"
      },
      {
        "name": "min_upload_date",
        "optional": "1"
      },
      {
        "name": "max_upload_date",
        "optional": "1"
      },
      {
        "name": "min_taken_date",
        "optional": "1"
      },
      {
        "name": "max_taken_date",
        "optional": "1"
      }
    ]
  }
}
